Measure Code,Parent Description,Description,2011,2016,2017,2018,2019,2020,2021,2022,2023,2024
ERP_P_20,Estimated resident population - year ended 30 June,Estimated resident population (no.),,,,426,431,438,444,450,452,
ERP_21,Estimated resident population - year ended 30 June,Population density (persons/km2),,,,26.1,26.5,26.9,27.3,27.6,27.7,
ERP_M_20,Estimated resident population - year ended 30 June,Estimated resident population - males (no.),,,,194,195,195,196,198,199,
ERP_F_20,Estimated resident population - year ended 30 June,Estimated resident population - females (no.),,,,232,236,243,248,252,253,
ERP_19,Estimated resident population - year ended 30 June,Median age - males (years),,,,43.8,46,47.5,44.8,44,44.1,
ERP_22,Estimated resident population - year ended 30 June,Median age - females (years),,,,43.3,43.3,42.9,42.6,42.2,42.1,
ERP_23,Estimated resident population - year ended 30 June,Median age - persons (years),,,,43.6,44.1,44.3,43.3,43,43.5,
ERP_18,Estimated resident population - year ended 30 June,Working age population (aged 15-64 years) (no.),,,,284,284,279,285,287,280,
ERP_17,Estimated resident population - year ended 30 June,Working age population (aged 15-64 years) (%),,,,66.7,65.9,63.7,64.2,63.8,61.9,
ERP_M_2,Estimated resident population - Males - year ended 30 June,Males - 0-4 years (no.),,,,16,14,13,14,8,7,
ERP_M_3,Estimated resident population - Males - year ended 30 June,Males - 5-9 years (no.),,,,10,11,12,13,14,17,
ERP_M_4,Estimated resident population - Males - year ended 30 June,Males - 10-14 years (no.),,,,12,14,11,4,11,10,
ERP_M_5,Estimated resident population - Males - year ended 30 June,Males - 15-19 years (no.),,,,2,2,4,,1,3,
ERP_M_6,Estimated resident population - Males - year ended 30 June,Males - 20-24 years (no.),,,,5,2,,,2,4,
ERP_M_7,Estimated resident population - Males - year ended 30 June,Males - 25-29 years (no.),,,,14,11,9,8,6,8,
ERP_M_8,Estimated resident population - Males - year ended 30 June,Males - 30-34 years (no.),,,,13,15,16,23,22,14,
ERP_M_9,Estimated resident population - Males - year ended 30 June,Males - 35-39 years (no.),,,,13,9,7,11,11,17,
ERP_M_10,Estimated resident population - Males - year ended 30 June,Males - 40-44 years (no.),,,,14,18,20,24,27,23,
ERP_M_11,Estimated resident population - Males - year ended 30 June,Males - 45-49 years (no.),,,,7,9,11,8,4,9,
ERP_M_12,Estimated resident population - Males - year ended 30 June,Males - 50-54 years (no.),,,,19,14,11,6,6,5,
ERP_M_13,Estimated resident population - Males - year ended 30 June,Males - 55-59 years (no.),,,,16,18,18,21,13,7,
ERP_M_14,Estimated resident population - Males - year ended 30 June,Males - 60-64 years (no.),,,,16,15,14,15,25,21,
ERP_M_15,Estimated resident population - Males - year ended 30 June,Males - 65-69 years (no.),,,,15,20,25,22,17,16,
ERP_M_16,Estimated resident population - Males - year ended 30 June,Males - 70-74 years (no.),,,,6,8,11,17,19,26,
ERP_M_17,Estimated resident population - Males - year ended 30 June,Males - 75-79 years (no.),,,,10,8,4,4,6,2,
ERP_M_18,Estimated resident population - Males - year ended 30 June,Males - 80-84 years (no.),,,,2,5,7,6,6,10,
ERP_M_19,Estimated resident population - Males - year ended 30 June,Males - 85 and over (no.),,,,4,2,2,,,,
ERP_M_21,Estimated resident population - Males - year ended 30 June,Males - 0-4 years (%),,,,8.2,7.2,6.7,7.1,4,3.5,
ERP_M_22,Estimated resident population - Males - year ended 30 June,Males - 5-9 years (%),,,,5.2,5.6,6.2,6.6,7.1,8.5,
ERP_M_23,Estimated resident population - Males - year ended 30 June,Males - 10-14 years (%),,,,6.2,7.2,5.6,2,5.6,5,
ERP_M_24,Estimated resident population - Males - year ended 30 June,Males - 15-19 years (%),,,,1,1,2.1,,0.5,1.5,
ERP_M_25,Estimated resident population - Males - year ended 30 June,Males - 20-24 years (%),,,,2.6,1,,,1,2,
ERP_M_26,Estimated resident population - Males - year ended 30 June,Males - 25-29 years (%),,,,7.2,5.6,4.6,4.1,3,4,
ERP_M_27,Estimated resident population - Males - year ended 30 June,Males - 30-34 years (%),,,,6.7,7.7,8.2,11.7,11.1,7,
ERP_M_28,Estimated resident population - Males - year ended 30 June,Males - 35-39 years (%),,,,6.7,4.6,3.6,5.6,5.6,8.5,
ERP_M_29,Estimated resident population - Males - year ended 30 June,Males - 40-44 years (%),,,,7.2,9.2,10.3,12.2,13.6,11.6,
ERP_M_30,Estimated resident population - Males - year ended 30 June,Males - 45-49 years (%),,,,3.6,4.6,5.6,4.1,2,4.5,
ERP_M_31,Estimated resident population - Males - year ended 30 June,Males - 50-54 years (%),,,,9.8,7.2,5.6,3.1,3,2.5,
ERP_M_32,Estimated resident population - Males - year ended 30 June,Males - 55-59 years (%),,,,8.2,9.2,9.2,10.7,6.6,3.5,
ERP_M_33,Estimated resident population - Males - year ended 30 June,Males - 60-64 years (%),,,,8.2,7.7,7.2,7.7,12.6,10.6,
ERP_M_34,Estimated resident population - Males - year ended 30 June,Males - 65-69 years (%),,,,7.7,10.3,12.8,11.2,8.6,8,
ERP_M_35,Estimated resident population - Males - year ended 30 June,Males - 70-74 years (%),,,,3.1,4.1,5.6,8.7,9.6,13.1,
ERP_M_36,Estimated resident population - Males - year ended 30 June,Males - 75-79 years (%),,,,5.2,4.1,2.1,2,3,1,
ERP_M_37,Estimated resident population - Males - year ended 30 June,Males - 80-84 years (%),,,,1,2.6,3.6,3.1,3,5,
ERP_M_38,Estimated resident population - Males - year ended 30 June,Males - 85 and over (%),,,,2.1,1,1,,,,
ERP_F_2,Estimated resident population - Females - year ended 30 June,Females - 0-4 years (no.),,,,10,14,8,9,8,10,
ERP_F_3,Estimated resident population - Females - year ended 30 June,Females - 5-9 years (no.),,,,15,12,16,19,22,15,
ERP_F_4,Estimated resident population - Females - year ended 30 June,Females - 10-14 years (no.),,,,10,7,13,12,10,16,
ERP_F_5,Estimated resident population - Females - year ended 30 June,Females - 15-19 years (no.),,,,2,7,4,5,6,7,
ERP_F_6,Estimated resident population - Females - year ended 30 June,Females - 20-24 years (no.),,,,10,9,7,5,13,15,
ERP_F_7,Estimated resident population - Females - year ended 30 June,Females - 25-29 years (no.),,,,17,17,21,17,13,7,
ERP_F_8,Estimated resident population - Females - year ended 30 June,Females - 30-34 years (no.),,,,20,20,19,29,26,32,
ERP_F_9,Estimated resident population - Females - year ended 30 June,Females - 35-39 years (no.),,,,19,18,18,12,21,23,
ERP_F_10,Estimated resident population - Females - year ended 30 June,Females - 40-44 years (no.),,,,20,21,25,27,17,13,
ERP_F_11,Estimated resident population - Females - year ended 30 June,Females - 45-49 years (no.),,,,11,13,13,18,18,18,
ERP_F_12,Estimated resident population - Females - year ended 30 June,Females - 50-54 years (no.),,,,15,13,12,11,16,14,
ERP_F_13,Estimated resident population - Females - year ended 30 June,Females - 55-59 years (no.),,,,25,21,21,18,11,13,
ERP_F_14,Estimated resident population - Females - year ended 30 June,Females - 60-64 years (no.),,,,26,32,29,27,29,27,
ERP_F_15,Estimated resident population - Females - year ended 30 June,Females - 65-69 years (no.),,,,8,6,5,9,11,14,
ERP_F_16,Estimated resident population - Females - year ended 30 June,Females - 70-74 years (no.),,,,6,9,14,13,14,5,
ERP_F_17,Estimated resident population - Females - year ended 30 June,Females - 75-79 years (no.),,,,16,12,12,10,7,11,
ERP_F_18,Estimated resident population - Females - year ended 30 June,Females - 80-84 years (no.),,,,,4,5,7,10,13,
ERP_F_19,Estimated resident population - Females - year ended 30 June,Females - 85 and over (no.),,,,2,1,1,,,,
ERP_F_21,Estimated resident population - Females - year ended 30 June,Females - 0-4 years (%),,,,4.3,5.9,3.3,3.6,3.2,4,
ERP_F_22,Estimated resident population - Females - year ended 30 June,Females - 5-9 years (%),,,,6.5,5.1,6.6,7.7,8.7,5.9,
ERP_F_23,Estimated resident population - Females - year ended 30 June,Females - 10-14 years (%),,,,4.3,3,5.3,4.8,4,6.3,
ERP_F_24,Estimated resident population - Females - year ended 30 June,Females - 15-19 years (%),,,,0.9,3,1.6,2,2.4,2.8,
ERP_F_25,Estimated resident population - Females - year ended 30 June,Females - 20-24 years (%),,,,4.3,3.8,2.9,2,5.2,5.9,
ERP_F_26,Estimated resident population - Females - year ended 30 June,Females - 25-29 years (%),,,,7.3,7.2,8.6,6.9,5.2,2.8,
ERP_F_27,Estimated resident population - Females - year ended 30 June,Females - 30-34 years (%),,,,8.6,8.5,7.8,11.7,10.3,12.6,
ERP_F_28,Estimated resident population - Females - year ended 30 June,Females - 35-39 years (%),,,,8.2,7.6,7.4,4.8,8.3,9.1,
ERP_F_29,Estimated resident population - Females - year ended 30 June,Females - 40-44 years (%),,,,8.6,8.9,10.3,10.9,6.7,5.1,
ERP_F_30,Estimated resident population - Females - year ended 30 June,Females - 45-49 years (%),,,,4.7,5.5,5.3,7.3,7.1,7.1,
ERP_F_31,Estimated resident population - Females - year ended 30 June,Females - 50-54 years (%),,,,6.5,5.5,4.9,4.4,6.3,5.5,
ERP_F_32,Estimated resident population - Females - year ended 30 June,Females - 55-59 years (%),,,,10.8,8.9,8.6,7.3,4.4,5.1,
ERP_F_33,Estimated resident population - Females - year ended 30 June,Females - 60-64 years (%),,,,11.2,13.6,11.9,10.9,11.5,10.7,
ERP_F_34,Estimated resident population - Females - year ended 30 June,Females - 65-69 years (%),,,,3.4,2.5,2.1,3.6,4.4,5.5,
ERP_F_35,Estimated resident population - Females - year ended 30 June,Females - 70-74 years (%),,,,2.6,3.8,5.8,5.2,5.6,2,
ERP_F_36,Estimated resident population - Females - year ended 30 June,Females - 75-79 years (%),,,,6.9,5.1,4.9,4,2.8,4.3,
ERP_F_37,Estimated resident population - Females - year ended 30 June,Females - 80-84 years (%),,,,,1.7,2.1,2.8,4,5.1,
ERP_F_38,Estimated resident population - Females - year ended 30 June,Females - 85 and over (%),,,,0.9,0.4,0.4,,,,
ERP_P_2,Estimated resident population - Persons - year ended 30 June,Persons - 0-4 years (no.),,,,26,28,21,23,16,17,
ERP_P_3,Estimated resident population - Persons - year ended 30 June,Persons - 5-9 years (no.),,,,25,23,28,32,36,32,
ERP_P_4,Estimated resident population - Persons - year ended 30 June,Persons - 10-14 years (no.),,,,22,21,24,16,21,26,
ERP_P_5,Estimated resident population - Persons - year ended 30 June,Persons - 15-19 years (no.),,,,4,9,8,5,7,10,
ERP_P_6,Estimated resident population - Persons - year ended 30 June,Persons - 20-24 years (no.),,,,15,11,7,5,15,19,
ERP_P_7,Estimated resident population - Persons - year ended 30 June,Persons - 25-29 years (no.),,,,31,28,30,25,19,15,
ERP_P_8,Estimated resident population - Persons - year ended 30 June,Persons - 30-34 years (no.),,,,33,35,35,52,48,46,
ERP_P_9,Estimated resident population - Persons - year ended 30 June,Persons - 35-39 years (no.),,,,32,27,25,23,32,40,
ERP_P_10,Estimated resident population - Persons - year ended 30 June,Persons - 40-44 years (no.),,,,34,39,45,51,44,36,
ERP_P_11,Estimated resident population - Persons - year ended 30 June,Persons - 45-49 years (no.),,,,18,22,24,26,22,27,
ERP_P_12,Estimated resident population - Persons - year ended 30 June,Persons - 50-54 years (no.),,,,34,27,23,17,22,19,
ERP_P_13,Estimated resident population - Persons - year ended 30 June,Persons - 55-59 years (no.),,,,41,39,39,39,24,20,
ERP_P_14,Estimated resident population - Persons - year ended 30 June,Persons - 60-64 years (no.),,,,42,47,43,42,54,48,
ERP_P_15,Estimated resident population - Persons - year ended 30 June,Persons - 65-69 years (no.),,,,23,26,30,31,28,30,
ERP_P_16,Estimated resident population - Persons - year ended 30 June,Persons - 70-74 years (no.),,,,12,17,25,30,33,31,
ERP_P_17,Estimated resident population - Persons - year ended 30 June,Persons - 75-79 years (no.),,,,26,20,16,14,13,13,
ERP_P_18,Estimated resident population - Persons - year ended 30 June,Persons - 80-84 years (no.),,,,2,9,12,13,16,23,
ERP_P_19,Estimated resident population - Persons - year ended 30 June,Persons - 85 and over (no.),,,,6,3,3,,,,
ERP_P_21,Estimated resident population - Persons - year ended 30 June,Persons - 0-4 years (%),,,,6.1,6.5,4.8,5.2,3.6,3.8,
ERP_P_22,Estimated resident population - Persons - year ended 30 June,Persons - 5-9 years (%),,,,5.9,5.3,6.4,7.2,8,7.1,
ERP_P_23,Estimated resident population - Persons - year ended 30 June,Persons - 10-14 years (%),,,,5.2,4.9,5.5,3.6,4.7,5.8,
ERP_P_24,Estimated resident population - Persons - year ended 30 June,Persons - 15-19 years (%),,,,0.9,2.1,1.8,1.1,1.6,2.2,
ERP_P_25,Estimated resident population - Persons - year ended 30 June,Persons - 20-24 years (%),,,,3.5,2.6,1.6,1.1,3.3,4.2,
ERP_P_26,Estimated resident population - Persons - year ended 30 June,Persons - 25-29 years (%),,,,7.3,6.5,6.8,5.6,4.2,3.3,
ERP_P_27,Estimated resident population - Persons - year ended 30 June,Persons - 30-34 years (%),,,,7.7,8.1,8,11.7,10.7,10.2,
ERP_P_28,Estimated resident population - Persons - year ended 30 June,Persons - 35-39 years (%),,,,7.5,6.3,5.7,5.2,7.1,8.8,
ERP_P_29,Estimated resident population - Persons - year ended 30 June,Persons - 40-44 years (%),,,,8,9,10.3,11.5,9.8,8,
ERP_P_30,Estimated resident population - Persons - year ended 30 June,Persons - 45-49 years (%),,,,4.2,5.1,5.5,5.9,4.9,6,
ERP_P_31,Estimated resident population - Persons - year ended 30 June,Persons - 50-54 years (%),,,,8,6.3,5.3,3.8,4.9,4.2,
ERP_P_32,Estimated resident population - Persons - year ended 30 June,Persons - 55-59 years (%),,,,9.6,9,8.9,8.8,5.3,4.4,
ERP_P_33,Estimated resident population - Persons - year ended 30 June,Persons - 60-64 years (%),,,,9.9,10.9,9.8,9.5,12,10.6,
ERP_P_34,Estimated resident population - Persons - year ended 30 June,Persons - 65-69 years (%),,,,5.4,6,6.8,7,6.2,6.6,
ERP_P_35,Estimated resident population - Persons - year ended 30 June,Persons - 70-74 years (%),,,,2.8,3.9,5.7,6.8,7.3,6.9,
ERP_P_36,Estimated resident population - Persons - year ended 30 June,Persons - 75-79 years (%),,,,6.1,4.6,3.7,3.2,2.9,2.9,
ERP_P_37,Estimated resident population - Persons - year ended 30 June,Persons - 80-84 years (%),,,,0.5,2.1,2.7,2.9,3.6,5.1,
ERP_P_38,Estimated resident population - Persons - year ended 30 June,Persons - 85 and over (%),,,,1.4,0.7,0.7,,,,
BD_2,Births and deaths - year ended 31 December,Births (no.),,,7,3,3,5,5,4,,
BD_4,Births and deaths - year ended 31 December,Deaths (no.),,,,2,6,1,3,,,
MIGRATION_2,Internal and overseas migration - year ended 30 June,Internal arrivals (no.),,,,23,32,13,42,29,29,
MIGRATION_3,Internal and overseas migration - year ended 30 June,Internal departures (no.),,,,22,35,23,28,30,26,
MIGRATION_4,Internal and overseas migration - year ended 30 June,Net internal migration (no.),,,,1,-3,-10,14,-1,3,
CENSUS_34,Aboriginal and Torres Strait Islander Peoples - Census,Aboriginal and Torres Strait Islander Peoples (no.),4,4,,,,,5,,,
CENSUS_2,Aboriginal and Torres Strait Islander Peoples - Census,Aboriginal and Torres Strait Islander Peoples (%),1.1,1,,,,,1.1,,,
CENSUS_4,Overseas born population - Census,Born in Oceania and Antarctica (excluding Australia) (%),,6.8,,,,,7.2,,,
CENSUS_5,Overseas born population - Census,Born in North-West Europe (%),,3.4,,,,,2.2,,,
CENSUS_6,Overseas born population - Census,Born in Southern and Eastern Europe (%),,1,,,,,,,,
CENSUS_8,Overseas born population - Census,Born in South-East Asia (%),,,,,,,1.1,,,
CENSUS_9,Overseas born population - Census,Born in North-East Asia (%),,,,,,,1.6,,,
CENSUS_11,Overseas born population - Census,Born in Americas (%),,2.6,,,,,3.1,,,
CENSUS_35,Overseas born population - Census,Total born overseas (no.),,57,,,,,77,,,
CENSUS_13,Overseas born population - Census,Total born overseas (%),,15,,,,,17.3,,,
CENSUS_15,Religious affiliation - Census,Buddhism (%),0.8,,,,,,0.9,,,
CENSUS_16,Religious affiliation - Census,Christianity (%),63.9,48.6,,,,,38.9,,,
CENSUS_17,Religious affiliation - Census,Hinduism (%),0.8,,,,,,,,,
CENSUS_40,Religious affiliation - Census,"Secular beliefs, other spiritual beliefs or no religion (%)",27,36.7,,,,,48.8,,,
CENSUS_22,Religious affiliation - Census,Religious affiliation inadequately described or not stated (%),6,13.1,,,,,11.2,,,
CENSUS_36,Australian citizenship - Census,Australian citizen (no.),325,317,,,,,376,,,
CENSUS_37,Australian citizenship - Census,Not an Australian citizen (no.),24,26,,,,,38,,,
CENSUS_38,Australian citizenship - Census,Australian citizenship not stated (no.),11,34,,,,,35,,,
CENSUS_29,Australian citizenship - Census,Australian citizen (%),88.8,83.2,,,,,84.5,,,
CENSUS_30,Australian citizenship - Census,Not an Australian citizen (%),6.6,6.8,,,,,8.5,,,
CENSUS_31,Australian citizenship - Census,Australian citizenship not stated (%),3,8.9,,,,,7.9,,,
CENSUS_39,Speaks a language other than English at home - Census,Speaks a language other than English at home (no.),12,19,,,,,32,,,
CENSUS_33,Speaks a language other than English at home - Census,Speaks a language other than English at home (%),3.3,5,,,,,7.2,,,
ADFS_3,Australian Defence Force service - Persons aged 15 years and over - Census,Previously served in the Australian Defence Force (no.),,,,,,,16,,,
ADFS_5,Australian Defence Force service - Persons aged 15 years and over - Census,Previously served in the Australian Defence Force (%),,,,,,,4.2,,,
ING_ERP_P,Estimated resident Aboriginal and Torres Strait Islander population - at 30 June,Estimated resident Aboriginal and Torres Strait Islander population (no.),,,,,,,1,,,
ING_LANG1,Language - Census,Speakers of an Aboriginal or Torres Strait Islander language who identify as Aboriginal and/or Torres Strait Islander (%),0,0,,,,,0,,,
ING_LANG2,Language - Census,Speaks English at home (%),0,100,,,,,100,,,
ING_EETP1,"Engagement in employment, education or training - Census",Fully engaged (%),0,0,,,,,0,,,
ING_EETP2,"Engagement in employment, education or training - Census",Partially or at least partially engaged (%),0,0,,,,,0,,,
ING_EETP3,"Engagement in employment, education or training - Census",Not engaged (%),0,0,,,,,0,,,
ING_EMP1,Labour force status - Census,Employed (no.),0,0,,,,,3,,,
ING_EMP2,Labour force status - Census,% of total labour force employed,0,0,,,,,100,,,
ING_UNEMP1,Labour force status - Census,Unemployed (no.),0,0,,,,,0,,,
ING_UNEMP2,Labour force status - Census,% of total labour force unemployed,0,0,,,,,0,,,
ING_LABF,Labour force status - Census,In the labour force (no.),0,5,,,,,3,,,
ING_LFPR,Labour force status - Census,Labour force participation rate (%),0,100,,,,,100,,,
ING_NILF,Labour force status - Census,Not in the labour force (%),0,0,,,,,0,,,
ING_1564,Labour force status - Census,Total responding population aged 15-64 years (no.),3,5,,,,,3,,,
ING_EMP3,Labour force status - Census,% of total Census responding population employed,0,0,,,,,100,,,
ING_UA1,Unpaid assistance to a person with a disability - Census,Provided unpaid assistance (no.),0,3,,,,,0,,,
ING_UA2,Unpaid assistance to a person with a disability - Census,Provided unpaid assistance (%),0,60,,,,,0,,,
ING_UPCC1,Unpaid child care - Census,Cared for own child/children (no.),0,0,,,,,0,,,
ING_UPCC2,Unpaid child care - Census,Cared for own child/children (%),0,0,,,,,0,,,
ING_UPCC3,Unpaid child care - Census,Cared for other child/children (no.),0,0,,,,,0,,,
ING_UPCC4,Unpaid child care - Census,Cared for other child/children (%),0,0,,,,,0,,,
ING_UPCC5,Unpaid child care - Census,Total provided unpaid child care (no.),0,0,,,,,0,,,
ING_UPCC6,Unpaid child care - Census,Total provided unpaid child care (%),0,0,,,,,0,,,
ING_UPCC7,Unpaid child care - Census,Did not provide unpaid child care (no.),3,3,,,,,0,,,
ING_UPCC8,Unpaid child care - Census,Did not provide unpaid child care (%),100,60,,,,,0,,,
ING_VOLWP1,Voluntary work for an organisation or group - Census,Volunteered for an organisation or group (no.),0,0,,,,,0,,,
ING_VOLWP2,Voluntary work for an organisation or group - Census,Volunteered for an organisation or group (%),0,0,,,,,0,,,
ING_TTYPE1,Tenure type - Census,Owner with or without a mortgage (or being purchased under a shared equity scheme) (no.),0,0,,,,,0,,,
ING_TTYPE2,Tenure type - Census,Owner with or without a mortgage (or being purchased under a shared equity scheme) (%),0,0,,,,,0,,,
ING_TTYPE3,Tenure type - Census,Renter (no.),0,0,,,,,0,,,
ING_TTYPE4,Tenure type - Census,Renter (%),0,0,,,,,0,,,
ING_HMLSS1,Homelessness - Census estimates of homelessness,Estimate of persons who were homeless or likely to be homeless who identified as Aboriginal and/or Torres Strait Islander (no.),0,0,,,,,0,,,
ING_HMLSS2,Homelessness - Census estimates of homelessness,% of total homeless or likely to be homeless population estimate who identify as Aboriginal and/or Torres Strait Islander,0,,,,,,0,,,
ING_YR12C3P1,Closing the Gap Target 5 - People aged 20-24 years - Census,Attained Year 12 or equivalent or Certificate III or above (no.),0,0,,,,,0,,,
ING_YR12C3P2,Closing the Gap Target 5 - People aged 20-24 years - Census,Attained Year 12 or equivalent or Certificate III or above (%),0,0,,,,,0,,,
ING_YR12C3P3,Closing the Gap Target 5 - People aged 20-24 years - Census,Total applicable population aged 20-24 years (no.),0,0,,,,,0,,,
ING_HEAP1,Closing the Gap Target 6 - People aged 25-34 years - Census,Completed tertiary qualification of Certificate III or above (no.),0,0,,,,,0,,,
ING_HEAP2,Closing the Gap Target 6 - People aged 25-34 years - Census,Completed tertiary qualification of Certificate III or above (%),0,0,,,,,0,,,
ING_HEAP3,Closing the Gap Target 6 - People aged 25-34 years - Census,Total applicable population aged 25-34 years (no.),0,0,,,,,0,,,
ING_EETPH1,Closing the Gap Target 7 - People aged 15-24 years - Census,"Fully engaged in employment, education or training (no.)",0,0,,,,,0,,,
ING_EETPH2,Closing the Gap Target 7 - People aged 15-24 years - Census,"Fully engaged in employment, education or training (%)",0,0,,,,,0,,,
ING_EETPH3,Closing the Gap Target 7 - People aged 15-24 years - Census,Total applicable population aged 15-24 years (no.),0,0,,,,,0,,,
ING_LFSP1,Closing the Gap Target 8 - People aged 25-64 years - Census,Employed (no.),0,0,,,,,0,,,
ING_LFSP2,Closing the Gap Target 8 - People aged 25-64 years - Census,Employed (%),0,0,,,,,0,,,
ING_LFSP3,Closing the Gap Target 8 - People aged 25-64 years - Census,Total applicable population aged 25-64 years (no.),3,0,,,,,0,,,
ING_HOSD1,Closing the Gap Target 9A - Census,Living in a dwelling with no additional bedrooms required (appropriately sized) (no.),0,0,,,,,0,,,
ING_HOSD2,Closing the Gap Target 9A - Census,Living in a dwelling with no additional bedrooms required (appropriately sized) (%),0,0,,,,,0,,,
ING_HOSD3,Closing the Gap Target 9A - Census,Living in a dwelling requiring one additional bedroom (no.),0,0,,,,,0,,,
ING_HOSD4,Closing the Gap Target 9A - Census,Living in a dwelling requiring one additional bedroom (%),0,0,,,,,0,,,
ING_HOSD5,Closing the Gap Target 9A - Census,Living in a dwelling requiring two additional bedrooms (no.),0,0,,,,,0,,,
ING_HOSD6,Closing the Gap Target 9A - Census,Living in a dwelling requiring two additional bedrooms (%),0,0,,,,,0,,,
ING_HOSD7,Closing the Gap Target 9A - Census,Living in a dwelling requiring three additional bedrooms (no.),0,0,,,,,0,,,
ING_HOSD8,Closing the Gap Target 9A - Census,Living in a dwelling requiring three additional bedrooms (%),0,0,,,,,0,,,
ING_HOSD9,Closing the Gap Target 9A - Census,Living in a dwelling requiring four or more additional bedrooms (no.),0,0,,,,,0,,,
ING_HOSD10,Closing the Gap Target 9A - Census,Living in a dwelling requiring four or more additional bedrooms (%),0,0,,,,,0,,,
ING_HOSD11,Closing the Gap Target 9A - Census,Total people living in applicable dwellings (no.),0,0,,,,,0,,,
CABEE_2,Number of businesses - at 30 June,Number of non-employing businesses,,,,,24,26,27,30,33,
CABEE_3,Number of businesses - at 30 June,Number of employing businesses: 1-4 employees,,,,,15,21,25,26,26,
CABEE_4,Number of businesses - at 30 June,Number of employing businesses: 5-19 employees,,,,,14,9,10,11,11,
CABEE_38,Number of businesses - at 30 June,Number of employing businesses: 20 or more employees,,,,,,3,,,3,
CABEE_5,Number of businesses - at 30 June,Total number of businesses,,,,,54,57,63,69,72,
CABEE_7,Business entries - year ended 30 June,Number of non-employing business entries,,,,,,5,7,5,3,
CABEE_8,Business entries - year ended 30 June,Number of employing business entries: 1-4 employees,,,,,,5,3,3,3,
CABEE_9,Business entries - year ended 30 June,Number of employing business entries: 5-19 employees,,,,,,,,3,,
CABEE_10,Business entries - year ended 30 June,Total number of business entries,,,,,,10,10,7,6,
CABEE_12,Business exits - year ended 30 June,Number of non-employing business exits,,,,,,3,4,,,
CABEE_13,Business exits - year ended 30 June,Number of employing business exits: 1-4 employees,,,,,,3,,,,
CABEE_15,Business exits - year ended 30 June,Total number of business exits,,,,,,8,5,4,3,
CABEE_19,Number of businesses by industry - at 30 June,"Agriculture, forestry and fishing (no.)",,,,,,,,3,,
CABEE_27,Number of businesses by industry - at 30 June,Manufacturing (no.),,,,,,3,,3,3,
CABEE_21,Number of businesses by industry - at 30 June,Construction (no.),,,,,6,7,5,6,7,
CABEE_37,Number of businesses by industry - at 30 June,Wholesale trade (no.),,,,,,,3,3,,
CABEE_34,Number of businesses by industry - at 30 June,Retail trade (no.),,,,,3,3,4,5,5,
CABEE_17,Number of businesses by industry - at 30 June,Accommodation and food services (no.),,,,,20,22,26,28,30,
CABEE_36,Number of businesses by industry - at 30 June,"Transport, postal and warehousing (no.)",,,,,11,10,8,8,8,
CABEE_33,Number of businesses by industry - at 30 June,"Rental, hiring and real estate services (no.)",,,,,3,3,3,3,3,
CABEE_31,Number of businesses by industry - at 30 June,"Professional, scientific and technical services (no.)",,,,,3,,3,4,4,
CABEE_18,Number of businesses by industry - at 30 June,Administrative and support services (no.),,,,,,,4,5,5,
CABEE_22,Number of businesses by industry - at 30 June,Education and training (no.),,,,,3,,3,,3,
CABEE_25,Number of businesses by industry - at 30 June,Health care and social assistance (no.),,,,,3,,3,,3,
CABEE_30,Number of businesses by industry - at 30 June,Other services (no.),,,,,,3,,3,,
CABEE_42,Number of businesses by turnover - at 30 June,Number of businesses with turnover of zero to less than $50k,,,,,4,7,7,13,9,
CABEE_43,Number of businesses by turnover - at 30 June,Number of businesses with turnover of $50k to less than $200k,,,,,18,18,28,19,17,
CABEE_44,Number of businesses by turnover - at 30 June,Number of businesses with turnover of $200k to less than $2m,,,,,28,29,25,33,42,
CABEE_45,Number of businesses by turnover - at 30 June,Number of businesses with turnover of $2m to less than $5m,,,,,3,,3,3,3,
CABEE_46,Number of businesses by turnover - at 30 June,Number of businesses with turnover of $5m to less than $10m,,,,,,,,3,,
CABEE_47,Number of businesses by turnover - at 30 June,Number of businesses with turnover of $10m or more,,,,,,3,,,,
CABEE_50,Business entries by turnover - year ended 30 June,Number of business entries with turnover of zero to less than $50k,,,,,,3,3,3,3,
CABEE_51,Business entries by turnover - year ended 30 June,Number of business entries with turnover of $50k to less than $200k,,,,,,5,5,3,,
CABEE_52,Business entries by turnover - year ended 30 June,Number of business entries with turnover of $200k to less than $2m,,,,,,,3,3,3,
CABEE_58,Business exits by turnover - year ended 30 June,Number of business exits with turnover of zero to less than $50k,,,,,,3,,3,,
CABEE_59,Business exits by turnover - year ended 30 June,Number of business exits with turnover of $50k to less than $200k,,,,,,,3,4,3,
CABEE_60,Business exits by turnover - year ended 30 June,Number of business exits with turnover of $200k to less than $2m,,,,,,3,3,,,
CABEE_61,Business exits by turnover - year ended 30 June,Number of business exits with turnover of $2m to less than $5m,,,,,,3,,,,
BUILDING_2,Building approvals - year ended 30 June,Private sector houses (no.),,,,,,,,,,1
BUILDING_12,Building approvals - year ended 30 June,Total private sector dwelling units (no.),,,,,,,,,,1
BUILDING_4,Building approvals - year ended 30 June,Total dwelling units (no.),,,,,,,,,,1
BUILDING_5,Building approvals - year ended 30 June,Value of private sector houses ($m),,,,,,,,,,1
BUILDING_7,Building approvals - year ended 30 June,Total value of private sector dwelling units ($m),,,,,,,,,,1
BUILDING_8,Building approvals - year ended 30 June,Value of residential building ($m),,,,,,,,,,1
BUILDING_10,Building approvals - year ended 30 June,Value of total building ($m),,,,,,,,,1,1
EMP_IND_2,Industry of employment - Persons aged 15 years and over - Census,"Agriculture, forestry and fishing (%)",4.2,3.5,,,,,1.7,,,
EMP_IND_4,Industry of employment - Persons aged 15 years and over - Census,Manufacturing (%),1.4,,,,,,1.2,,,
EMP_IND_6,Industry of employment - Persons aged 15 years and over - Census,Construction (%),4.2,3.1,,,,,5.4,,,
EMP_IND_7,Industry of employment - Persons aged 15 years and over - Census,Wholesale trade (%),,1.3,,,,,,,,
EMP_IND_8,Industry of employment - Persons aged 15 years and over - Census,Retail trade (%),5.1,4.4,,,,,3.3,,,
EMP_IND_9,Industry of employment - Persons aged 15 years and over - Census,Accommodation and food services (%),42.1,38.9,,,,,37.8,,,
EMP_IND_10,Industry of employment - Persons aged 15 years and over - Census,"Transport, postal and warehousing (%)",4.7,4.4,,,,,6.2,,,
EMP_IND_13,Industry of employment - Persons aged 15 years and over - Census,"Rental, hiring and real estate services (%)",,,,,,,1.2,,,
EMP_IND_14,Industry of employment - Persons aged 15 years and over - Census,"Professional, scientific and technical services (%)",2.3,,,,,,2.9,,,
EMP_IND_15,Industry of employment - Persons aged 15 years and over - Census,Administrative and support services (%),6.5,8.8,,,,,2.9,,,
EMP_IND_16,Industry of employment - Persons aged 15 years and over - Census,Public administration and safety (%),17.8,18.1,,,,,21.6,,,
EMP_IND_17,Industry of employment - Persons aged 15 years and over - Census,Education and training (%),4.2,1.8,,,,,4.1,,,
EMP_IND_18,Industry of employment - Persons aged 15 years and over - Census,Health care and social assistance (%),4.2,1.3,,,,,4.6,,,
EMP_IND_19,Industry of employment - Persons aged 15 years and over - Census,Arts and recreation services (%),4.2,2.7,,,,,2.5,,,
EMP_IND_20,Industry of employment - Persons aged 15 years and over - Census,Other services (%),1.9,4.4,,,,,,,,
EMP_IND_22,Industry of employment - Persons aged 15 years and over - Census,Industry of employment inadequately described or not stated (%),,6.2,,,,,4.6,,,
EMP_IND_21,Industry of employment - Persons aged 15 years and over - Census,Total persons employed aged 15 years and over (no.),214,226,,,,,241,,,
DWELLSTOCK_4,Estimated dwelling stock - as at June quarter,Houses - total (no.),,,174,174,174,174,174,174,,
DWELLSTOCK_7,Estimated dwelling stock - as at June quarter,Townhouses - total (no.),,,35,35,35,35,35,35,,
DWELLSTOCK_10,Estimated dwelling stock - as at June quarter,Apartments - total (no.),,,25,25,25,25,25,25,,
DWELLSTOCK_13,Estimated dwelling stock - as at June quarter,Total dwellings (no.),,,234,234,234,234,234,234,,
INCOME_4,Personal income in Australia - year ended 30 June,Employee income earners (no.),,260,268,272,279,273,,,,
INCOME_20,Personal income in Australia - year ended 30 June,Employee income earners - median age (years),,44,44,42,41,42,,,,
INCOME_3,Personal income in Australia - year ended 30 June,Total employee income ($m),,10.6,12.2,12.1,14.3,12.8,,,,
INCOME_2,Personal income in Australia - year ended 30 June,Median employee income ($),,33726,35240,36480,45692,42114,,,,
INCOME_21,Personal income in Australia - year ended 30 June,Mean employee income ($),,40643,45506,44664,51190,46982,,,,
INCOME_22,Personal income in Australia - year ended 30 June,Employee income as main source of income (%),,71.1,72.5,73.9,72.9,73.8,,,,
INCOME_7,Personal income in Australia - year ended 30 June,Own unincorporated business income earners (no.),,71,77,79,80,79,,,,
INCOME_23,Personal income in Australia - year ended 30 June,Own unincorporated business income earners - median age (years),,53,54,55,56,57,,,,
INCOME_6,Personal income in Australia - year ended 30 June,Total own unincorporated business income ($m),,2,2.1,2,1.9,1.2,,,,
INCOME_5,Personal income in Australia - year ended 30 June,Median own unincorporated business income ($),,15037,12054,9000,14258,12694,,,,
INCOME_24,Personal income in Australia - year ended 30 June,Mean own unincorporated business income ($),,27673,27327,24871,23522,15679,,,,
INCOME_25,Personal income in Australia - year ended 30 June,Own unincorporated business income as main source of income (%),,15,12.5,10.4,10.7,11.6,,,,
INCOME_10,Personal income in Australia - year ended 30 June,Investment income earners (no.),,195,222,212,232,202,,,,
INCOME_26,Personal income in Australia - year ended 30 June,Investment income earners - median age (years),,52,52,53,49,52,,,,
INCOME_9,Personal income in Australia - year ended 30 June,Total investment income ($m),,2.1,5.3,3.2,4.4,2,,,,
INCOME_8,Personal income in Australia - year ended 30 June,Median investment income ($),,1181,1384,785,637,894,,,,
INCOME_27,Personal income in Australia - year ended 30 June,Mean investment income ($),,10732,23951,15196,19143,10106,,,,
INCOME_28,Personal income in Australia - year ended 30 June,Investment income as main source of income (%),,12.5,14.4,14.7,15.8,12.3,,,,
INCOME_13,Personal income in Australia - year ended 30 June,Superannuation and annuity income earners (no.),,,6,,10,11,,,,
INCOME_29,Personal income in Australia - year ended 30 June,Superannuation and annuity income earners - median age (years),,,60,,59,60,,,,
INCOME_12,Personal income in Australia - year ended 30 June,Total superannuation and annuity income ($m),,,0.1,,0.2,0.3,,,,
INCOME_11,Personal income in Australia - year ended 30 June,Median superannuation and annuity income ($),,,19894,,10949,24273,,,,
INCOME_30,Personal income in Australia - year ended 30 June,Mean superannuation and annuity income ($),,,24354,,20169,27949,,,,
INCOME_31,Personal income in Australia - year ended 30 June,Superannuation and annuity income as main source of income (%),,,0.7,,0.3,1.3,,,,
INCOME_19,Personal income in Australia - year ended 30 June,Total income earners (excl. Government pensions and allowances) (no.),,286,304,302,317,305,,,,
INCOME_35,Personal income in Australia - year ended 30 June,Total income earners (excl. Government pensions and allowances) - median age (years),,46,48,47,46,47,,,,
INCOME_18,Personal income in Australia - year ended 30 June,Total income (excl. Government pensions and allowances) ($m),,14,19,17.1,20.4,15.7,,,,
INCOME_17,Personal income in Australia - year ended 30 June,Median total income (excl. Government pensions and allowances) ($),,41094,42647,43559,50737,46966,,,,
INCOME_36,Personal income in Australia - year ended 30 June,Mean total income (excl. Government pensions and allowances) ($),,48893,62608,56696,64404,51540,,,,
INCOME_37,Personal income in Australia - year ended 30 June,Total income (excl. Government pensions and allowances) - p80/P20 ratio,,4.24,3.93,3.96,3.4,3.13,,,,
INCOME_38,Personal income in Australia - year ended 30 June,Total income (excl. Government pensions and allowances) - p80/P50 ratio,,1.76,1.83,1.82,1.73,1.62,,,,
INCOME_39,Personal income in Australia - year ended 30 June,Total income (excl. Government pensions and allowances) - p20/P50 ratio,,0.42,0.47,0.46,0.51,0.52,,,,
INCOME_40,Personal income in Australia - year ended 30 June,Total income (excl. Government pensions and allowances) - p10/P50 ratio,,0.19,0.23,0.3,0.32,0.26,,,,
INCOME_41,Personal income in Australia - year ended 30 June,Total income (excl. Government pensions and allowances) - gini coefficient,,0.445,0.526,0.445,0.419,0.445,,,,
INCOME_43,Personal income in Australia - year ended 30 June,Total income (excl. Government pensions and allowances) - income share of top 5% of earners,,18.3,31.6,21,19.7,16.8,,,,
INCOME_44,Personal income in Australia - year ended 30 June,Total income (excl. Government pensions and allowances) - income share of top 10% of earners,,29.5,41.2,32.7,30.4,27.1,,,,
INCOME_45,Personal income in Australia - year ended 30 June,Total income (excl. Government pensions and allowances) - lowest Quartile (%),,27.9,23.9,23.4,18,20.5,,,,
INCOME_46,Personal income in Australia - year ended 30 June,Total income (excl. Government pensions and allowances) - second Quartile (%),,29.3,33.8,35.8,33.4,35.8,,,,
INCOME_47,Personal income in Australia - year ended 30 June,Total income (excl. Government pensions and allowances) - third Quartile (%),,26.8,23.6,23.1,28.7,30.1,,,,
INCOME_48,Personal income in Australia - year ended 30 June,Total income (excl. Government pensions and allowances) - highest Quartile (%),,16,18.7,17.7,19.9,13.6,,,,
CAPGAINS_1,Gross capital gains - year ended 30 June,Persons who reported gross capital gains (no.),,,,30,26,,,33,,
CAPGAINS_2,Gross capital gains - year ended 30 June,Total value of gross capital gains ($m),,,,0.6,0.1,,,1.8,,
CAPGAINS_3,Gross capital gains - year ended 30 June,Median value of gross capital gains ($),,,,2182,1134,,,10291,,
CAPGAINS_4,Gross capital gains - year ended 30 June,Mean value of gross capital gains ($),,,,20036,3469,,,54750,,
PERSINC_2,Total personal income (weekly) - Persons aged 15 years and over - Census,$1-$499 per week (%),,21.9,,,,,15.6,,,
PERSINC_3,Total personal income (weekly) - Persons aged 15 years and over - Census,$500-$999 per week (%),,30.1,,,,,28.8,,,
PERSINC_4,Total personal income (weekly) - Persons aged 15 years and over - Census,$1000-$1999 per week (%),,24.3,,,,,35.6,,,
PERSINC_5,Total personal income (weekly) - Persons aged 15 years and over - Census,$2000-$2999 per week (%),,5.2,,,,,6.1,,,
PERSINC_6,Total personal income (weekly) - Persons aged 15 years and over - Census,$3000 or more per week (%),,1.5,,,,,1.8,,,
PERSINC_7,Total personal income (weekly) - Persons aged 15 years and over - Census,Nil income (%),,4.3,,,,,2.9,,,
PERSINC_8,Total personal income (weekly) - Persons aged 15 years and over - Census,Negative income (%),,,,,,,1.3,,,
PERSINC_9,Total personal income (weekly) - Persons aged 15 years and over - Census,Income inadequately described or not stated (%),,11.6,,,,,8.2,,,
EQUIV_2,Equivalised total household income (weekly) - Census,Median equivalised total household income (weekly) ($),707,978,,,,,1129,,,
EQUIV_3,Equivalised total household income (weekly) - Census,$1-$499 per week (%),,12.1,,,,,9.3,,,
EQUIV_4,Equivalised total household income (weekly) - Census,$500-$999 per week (%),,31.1,,,,,26.1,,,
EQUIV_5,Equivalised total household income (weekly) - Census,$1000-$1999 per week (%),,34.1,,,,,42.9,,,
EQUIV_6,Equivalised total household income (weekly) - Census,$2000-$2999 per week (%),,6.1,,,,,8.7,,,
EQUIV_8,Equivalised total household income (weekly) - Census,Nil income (%),,,,,,,3.1,,,
EQUIV_9,Equivalised total household income (weekly) - Census,Partial income stated (%),,10.6,,,,,6.8,,,
EQUIV_10,Equivalised total household income (weekly) - Census,All incomes not stated (%),,2.3,,,,,,,,
PRESCH_2,Children enrolled in a preschool or preschool program (4 and 5 year olds),4 year olds enrolled in preschool or preschool program (no.),,,,,4,,,,,
PRESCH_5,Children enrolled in a preschool or preschool program (4 and 5 year olds),Children enrolled in preschool (no.),,,,,4,4,4,,,
PRESCH_8,Children enrolled in a preschool or preschool program (4 and 5 year olds),Children enrolled in a preschool or preschool program (no.),,,,,4,4,4,,,
PRESCH_11,Children attending a preschool or preschool program (4 and 5 year olds),Children attending preschool for 15 hours or more (no.),,,,,4,4,,,,
LEED_2,Jobs in Australia - year ended 30 June,Number of jobs held by females,,246,274,270,272,254,,,,
LEED_3,Jobs in Australia - year ended 30 June,Number of jobs held by males,,253,235,252,252,247,,,,
LEED_4,Jobs in Australia - year ended 30 June,Number of jobs,,503,509,524,525,500,,,,
LEED_5,Jobs in Australia - year ended 30 June,"Number of employee jobs - agriculture, forestry and fishing",,,10,8,7,3,,,,
LEED_7,Jobs in Australia - year ended 30 June,Number of employee jobs - manufacturing,,,,5,28,20,,,,
LEED_9,Jobs in Australia - year ended 30 June,Number of employee jobs - construction,,,,5,5,4,,,,
LEED_11,Jobs in Australia - year ended 30 June,Number of employee jobs - retail trade,,24,29,21,35,12,,,,
LEED_12,Jobs in Australia - year ended 30 June,Number of employee jobs - accommodation and food services,,178,159,181,142,172,,,,
LEED_13,Jobs in Australia - year ended 30 June,"Number of employee jobs - transport, postal and warehousing",,55,62,52,29,31,,,,
LEED_15,Jobs in Australia - year ended 30 June,Number of employee jobs - finance and insurance services,,,6,5,7,11,,,,
LEED_16,Jobs in Australia - year ended 30 June,"Number of employee jobs - rental, hiring and real estate services",,,3,7,7,,,,,
LEED_17,Jobs in Australia - year ended 30 June,"Number of employee jobs - professional, scientific and technical services",,,13,19,23,4,,,,
LEED_18,Jobs in Australia - year ended 30 June,Number of employee jobs - administrative and support services,,,6,14,11,12,,,,
LEED_19,Jobs in Australia - year ended 30 June,Number of employee jobs - public administration and safety,,81,77,75,96,109,,,,
LEED_20,Jobs in Australia - year ended 30 June,Number of employee jobs - education and training,,,24,21,20,17,,,,
LEED_21,Jobs in Australia - year ended 30 June,Number of employee jobs - health care and social assistance,,,11,10,19,7,,,,
LEED_23,Jobs in Australia - year ended 30 June,Number of employee jobs - other services,,,4,11,9,3,,,,
LEED_24,Jobs in Australia - year ended 30 June,Number of employee jobs - total,,426,431,438,444,420,,,,
HIGH_2,Highest year of school completed - Persons aged 15 years and over who are no longer attending primary or secondary school - Census,Completed year 12 or equivalent (%),47,49.7,,,,,54.5,,,
HIGH_3,Highest year of school completed - Persons aged 15 years and over who are no longer attending primary or secondary school - Census,Completed year 11 or equivalent (%),11.3,8.6,,,,,6.6,,,
HIGH_4,Highest year of school completed - Persons aged 15 years and over who are no longer attending primary or secondary school - Census,Completed year 10 or equivalent (%),28.1,26.2,,,,,24.7,,,
HIGH_5,Highest year of school completed - Persons aged 15 years and over who are no longer attending primary or secondary school - Census,Completed year 9 or equivalent (%),4.6,2.2,,,,,3.7,,,
HIGH_6,Highest year of school completed - Persons aged 15 years and over who are no longer attending primary or secondary school - Census,Completed year 8 or below (%),1.3,2.2,,,,,1.6,,,
HIGH_8,Highest year of school completed - Persons aged 15 years and over who are no longer attending primary or secondary school - Census,Highest year of school completed not stated (%),5.3,10.8,,,,,10,,,
SCHOOL_2,Non-school qualifications - Persons aged 15 years and over - Census,Total persons with non-school qualification(s) (%),61.9,66.6,,,,,71,,,
SCHOOL_3,Non-school qualifications - Persons aged 15 years and over - Census,Postgraduate degree (%),1,2.7,,,,,3.4,,,
SCHOOL_4,Non-school qualifications - Persons aged 15 years and over - Census,Graduate diploma/graduate certificate (%),1.3,0.9,,,,,1.3,,,
SCHOOL_5,Non-school qualifications - Persons aged 15 years and over - Census,Bachelor degree (%),9.3,13.4,,,,,14.5,,,
SCHOOL_6,Non-school qualifications - Persons aged 15 years and over - Census,Advanced diploma/diploma (%),9.3,8.2,,,,,9.5,,,
SCHOOL_7,Non-school qualifications - Persons aged 15 years and over - Census,Certificate (%),30.5,29.5,,,,,30.1,,,
SCHOOL_9,Non-school qualifications - Persons aged 15 years and over - Census,Non-school qualification inadequately described (%),3,2.1,,,,,,,,
SCHOOL_10,Non-school qualifications - Persons aged 15 years and over - Census,Non-school qualification not stated (%),7.6,12.2,,,,,11.9,,,
FIELD_2,Non-school qualification: field of study - Persons aged 15 years and over - Census,Natural and physical sciences (%),2.1,1.8,,,,,1.5,,,
FIELD_4,Non-school qualification: field of study - Persons aged 15 years and over - Census,Engineering and related technologies (%),19.8,13.7,,,,,16,,,
FIELD_5,Non-school qualification: field of study - Persons aged 15 years and over - Census,Architecture and building (%),5.3,6.8,,,,,4.5,,,
FIELD_6,Non-school qualification: field of study - Persons aged 15 years and over - Census,"Agriculture, environmental and related studies (%)",6.4,8.2,,,,,6.7,,,
FIELD_7,Non-school qualification: field of study - Persons aged 15 years and over - Census,Health (%),11.8,7.3,,,,,8.6,,,
FIELD_8,Non-school qualification: field of study - Persons aged 15 years and over - Census,Education (%),8.6,5.9,,,,,5.6,,,
FIELD_9,Non-school qualification: field of study - Persons aged 15 years and over - Census,Management and commerce (%),16,13.7,,,,,13.8,,,
FIELD_10,Non-school qualification: field of study - Persons aged 15 years and over - Census,Society and culture (%),7.5,5.9,,,,,7.4,,,
FIELD_11,Non-school qualification: field of study - Persons aged 15 years and over - Census,Creative arts (%),3.7,2.7,,,,,3.3,,,
FIELD_12,Non-school qualification: field of study - Persons aged 15 years and over - Census,"Food, hospitality and personal services (%)",15.5,10.5,,,,,14.5,,,
FIELD_15,Non-school qualification: field of study - Persons aged 15 years and over - Census,Field of study inadequately described (%),,1.8,,,,,1.9,,,
FIELD_16,Non-school qualification: field of study - Persons aged 15 years and over - Census,Field of study not stated (%),10.2,20.5,,,,,16.4,,,
YOUTH_4,Youth engagement in work/study - Persons aged 15-19 years - Census,Working part-time and studying full-time (%),,60,,,,,,,,
YOUTH_6,Youth engagement in work/study - Persons aged 15-19 years - Census,Studying full-time (not working) (%),66.7,60,,,,,,,,
YOUTH_8,Youth engagement in work/study - Persons aged 15-19 years - Census,Total fully engaged (%),100,140,,,,,,,,
YOUTH_9,Youth engagement in work/study - Persons aged 15-19 years - Census,Total persons aged 15-19 years (no.),6,5,,,,,4,,,
LF_6,Labour force status - Persons aged 15 years and over - Census,Employed (no.),214,226,,,,,241,,,
LF_3,Labour force status - Persons aged 15 years and over - Census,Unemployed (no.),5,6,,,,,6,,,
LF_2,Labour force status - Persons aged 15 years and over - Census,In the labour force (no.),218,229,,,,,245,,,
LF_4,Labour force status - Persons aged 15 years and over - Census,Unemployment rate (%),2.3,2.6,,,,,2.4,,,
LF_5,Labour force status - Persons aged 15 years and over - Census,Participation rate (%),72.2,69.6,,,,,64.6,,,
LF_7,Labour force status - Persons aged 15 years and over - Census,Not in the labour force (%),26.5,20.1,,,,,25.3,,,
LF_8,Labour force status - Persons aged 15 years and over - Census,Labour force status not stated (%),1.7,9.7,,,,,9.5,,,
LF_9,Labour force status - Persons aged 15 years and over - Census,Total persons aged 15 years and over (no.),302,329,,,,,379,,,
EMP_OCC_2,Occupation of employed persons - Persons aged 15 years and over - Census,Managers (%),20.1,23,,,,,26.1,,,
EMP_OCC_3,Occupation of employed persons - Persons aged 15 years and over - Census,Professionals (%),7.5,8,,,,,10,,,
EMP_OCC_4,Occupation of employed persons - Persons aged 15 years and over - Census,Technicians and trades workers (%),14.5,15,,,,,15.4,,,
EMP_OCC_5,Occupation of employed persons - Persons aged 15 years and over - Census,Community and personal service workers (%),13.1,12.4,,,,,5.8,,,
EMP_OCC_6,Occupation of employed persons - Persons aged 15 years and over - Census,Clerical and administrative workers (%),12.1,9.7,,,,,12.4,,,
EMP_OCC_7,Occupation of employed persons - Persons aged 15 years and over - Census,Sales workers (%),4.2,5.8,,,,,7.1,,,
EMP_OCC_8,Occupation of employed persons - Persons aged 15 years and over - Census,Machinery operators and drivers (%),1.9,2.7,,,,,1.7,,,
EMP_OCC_9,Occupation of employed persons - Persons aged 15 years and over - Census,Labourers (%),23.8,18.1,,,,,18.3,,,
EMP_OCC_10,Occupation of employed persons - Persons aged 15 years and over - Census,Occupation inadequately described or not stated (%),,5.3,,,,,4.6,,,
PRIVATE_2,Private health insurance - year ended 30 June,Persons who reported having private health insurance (no.),,,185,158,169,,,148,,
ACTIV_3,Core activity need for assistance - Census,Persons who have need for assistance with core activities (no.),12,8,,,,,12,,,
ACTIV_2,Core activity need for assistance - Census,Persons who have need for assistance with core activities (%),3.3,2.1,,,,,2.7,,,
LTHLTH_2,Long-term health conditions - Census,Arthritis (%),,,,,,,5.4,,,
LTHLTH_3,Long-term health conditions - Census,Asthma (%),,,,,,,4.5,,,
LTHLTH_4,Long-term health conditions - Census,Cancer (including remission) (%),,,,,,,4.1,,,
LTHLTH_6,Long-term health conditions - Census,Diabetes (excluding gestational diabetes) (%),,,,,,,4.1,,,
LTHLTH_10,Long-term health conditions - Census,Mental health condition (including depression or anxiety) (%),,,,,,,2.3,,,
LTHLTH_12,Long-term health conditions - Census,Other long-term health condition(s) (%),,,,,,,4.1,,,
LTHLTH_13,Long-term health conditions - Census,No long-term health condition(s) (%),,,,,,,70,,,
GIFTS2,Gifts and donations - year ended 30 June,Persons who made a gift or donation deduction (no.),,,86,56,68,,,47,,
GIFTS3,Gifts and donations - year ended 30 June,Median value of gift and donation deductions ($),,,200,240,242,,,186,,
WORK_TRAV_5,Method of travel to work - Employed persons aged 15 years and over - Census,Used one method - car (as driver) (no.),43,45,,,,,52,,,
WORK_TRAV_21,Method of travel to work - Employed persons aged 15 years and over - Census,Used one method - car (as passenger) (no.),4,3,,,,,13,,,
WORK_TRAV_6,Method of travel to work - Employed persons aged 15 years and over - Census,Used one method - motor bike/scooter (no.),13,9,,,,,6,,,
WORK_TRAV_7,Method of travel to work - Employed persons aged 15 years and over - Census,Used one method - bicycle (no.),36,52,,,,,54,,,
WORK_TRAV_8,Method of travel to work - Employed persons aged 15 years and over - Census,Used one method - other (no.),3,6,,,,,,,,
WORK_TRAV_9,Method of travel to work - Employed persons aged 15 years and over - Census,Used one method - walked only (no.),59,54,,,,,39,,,
WORK_TRAV_10,Method of travel to work - Employed persons aged 15 years and over - Census,Used one method - total persons (no.),160,173,,,,,169,,,
WORK_TRAV_12,Method of travel to work - Employed persons aged 15 years and over - Census,Used more than one method - total persons (no.),,4,,,,,3,,,
WORK_TRAV_24,Method of travel to work - Employed persons aged 15 years and over - Census,Travelled to work by car (as a driver or passenger) as at least one method of travel (no.),47,55,,,,,70,,,
WORK_TRAV_14,Method of travel to work - Employed persons aged 15 years and over - Census,Worked from home (no.),21,10,,,,,28,,,
WORK_TRAV_15,Method of travel to work - Employed persons aged 15 years and over - Census,Employed but did not go to work (no.),28,32,,,,,27,,,
WORK_TRAV_16,Method of travel to work - Employed persons aged 15 years and over - Census,Method of travel not stated (no.),8,4,,,,,6,,,
WORK_TRAV_17,Method of travel to work - Employed persons aged 15 years and over - Census,Total persons employed aged 15 years and over (no.),214,226,,,,,241,,,
HHTYPE_2,Household composition - Occupied private dwellings - Census,Lone person households (no.),39,44,,,,,52,,,
HHTYPE_3,Household composition - Occupied private dwellings - Census,Group households (no.),,3,,,,,6,,,
HHTYPE_4,Household composition - Occupied private dwellings - Census,Family households (no.),89,85,,,,,109,,,
HHTYPE_5,Household composition - Occupied private dwellings - Census,Total households (no.),130,132,,,,,161,,,
HHTYPE_6,Household composition - Occupied private dwellings - Census,Average household size (no. of persons),2.2,2.2,,,,,2.2,,,
FAMILY_2,Family composition - Families in family households - Census,Couple families with children under 15 and/or dependent students (no.),34,25,,,,,33,,,
FAMILY_3,Family composition - Families in family households - Census,Couple families with non-dependent children only (no.),3,5,,,,,11,,,
FAMILY_4,Family composition - Families in family households - Census,Couple families without children (no.),43,48,,,,,58,,,
FAMILY_5,Family composition - Families in family households - Census,One parent families with children under 15 and/or dependent students (no.),8,,,,,,4,,,
FAMILY_6,Family composition - Families in family households - Census,One parent families with non-dependent children only (no.),3,5,,,,,5,,,
FAMILY_8,Family composition - Families in family households - Census,Total families (no.),88,88,,,,,107,,,
FAMILY_9,Family composition - Families in family households - Census,Average family size (no. of persons),2.8,2.7,,,,,2.7,,,
MARRIAGE_2,Social marital status - Persons aged 15 years and over usually resident and present in the household on Census night,Married in a registered marriage (no.),119,120,,,,,129,,,
MARRIAGE_3,Social marital status - Persons aged 15 years and over usually resident and present in the household on Census night,Married in a de facto marriage (no.),32,32,,,,,55,,,
MARRIAGE_4,Social marital status - Persons aged 15 years and over usually resident and present in the household on Census night,Not married (no.),66,80,,,,,98,,,
MARRIAGE_5,Registered marital status - Persons aged 15 years and over - Census,Married (%),49.3,49.5,,,,,47.8,,,
MARRIAGE_6,Registered marital status - Persons aged 15 years and over - Census,Never married (%),32.8,34,,,,,35.9,,,
MARRIAGE_7,Registered marital status - Persons aged 15 years and over - Census,Widowed (%),5.3,7.6,,,,,6.3,,,
MARRIAGE_8,Registered marital status - Persons aged 15 years and over - Census,Divorced (%),9.6,7.3,,,,,9.5,,,
MARRIAGE_9,Registered marital status - Persons aged 15 years and over - Census,Separated (%),2,1.5,,,,,2.1,,,
INTERNET_2,Access to internet at home - Occupied private dwellings - Census,Internet accessed from dwelling (%),,88.6,,,,,,,,
INTERNET_3,Access to internet at home - Occupied private dwellings - Census,Internet not accessed from dwelling (%),,9.1,,,,,,,,
INTERNET_4,Access to internet at home - Occupied private dwellings - Census,Access to internet at home inadequately described or not stated (%),,7.6,,,,,,,,
RENT_4,Rent and mortgage payments - Occupied private dwellings - Census,Median weekly household rental payment ($),160,287,,,,,310,,,
RENT_5,Rent and mortgage payments - Occupied private dwellings - Census,Median monthly household mortgage payment ($),1354,1867,,,,,1400,,,
CHILDCAR_2,Unpaid child care - Persons aged 15 years and over - Census,Persons who did not provide child care (%),74.2,63.5,,,,,65.2,,,
CHILDCAR_3,Unpaid child care - Persons aged 15 years and over - Census,Persons who cared for own child/children (%),16.6,15.8,,,,,19,,,
CHILDCAR_4,Unpaid child care - Persons aged 15 years and over - Census,Persons who cared for other child/children (%),4.3,6.7,,,,,5.8,,,
CHILDCAR_5,Unpaid child care - Persons aged 15 years and over - Census,Persons who cared for own child/children and other child/children (%),1,1.5,,,,,9.5,,,
CHILDCAR_6,Unpaid child care - Persons aged 15 years and over - Census,Unpaid child care not stated (%),5.6,10,,,,,,,,
UNPAIDW_2,Unpaid work - Persons aged 15 years and over - Census,Persons who provided unpaid assistance to a person with a disability (%),12.6,12.8,,,,,11.9,,,
UNPAIDW_3,Unpaid work - Persons aged 15 years and over - Census,Persons undertaking voluntary work for an organisation or group (%),29.5,31.0,,,,,29.0,,,
CHILD_2,Average number of children per family - Families with children - Census,Average number of children per family (for families with children) (no.),1.6,1.7,,,,,1.5,,,
HOUSE_2,Housing suitability - Occupied private dwellings - Census,Dwellings with extra bedrooms needed (no.),,7,,,,,3,,,
HOUSE_3,Housing suitability - Occupied private dwellings - Census,Dwellings with bedrooms spare (no.),,92,,,,,112,,,
HOUSE_4,Housing suitability - Occupied private dwellings - Census,Dwellings with no bedrooms needed or spare (no.),,27,,,,,38,,,
DWELL_2,Dwelling structure - Occupied private dwellings - Census,Separate house (no.),116,132,,,,,126,,,
DWELL_3,Dwelling structure - Occupied private dwellings - Census,"Semi-detached, row or terrace house, townhouse etc. (no.)",,,,,,,28,,,
DWELL_4,Dwelling structure - Occupied private dwellings - Census,Flat or apartment (no.),13,,,,,,11,,,
DWELL_5,Dwelling structure - Occupied private dwellings - Census,Other dwelling (no.),3,,,,,,,,,
DWELL_7,Dwelling structure - Occupied private dwellings - Census,Total occupied private dwellings (no.),130,132,,,,,161,,,
TENURE_7,Tenure type - Occupied private dwellings - Census,Owned outright (no.),53,47,,,,,67,,,
TENURE_8,Tenure type - Occupied private dwellings - Census,Owned with a mortgage (no.),27,32,,,,,25,,,
TENURE_9,Tenure type - Occupied private dwellings - Census,Rented (no.),44,38,,,,,60,,,
TENURE_10,Tenure type - Occupied private dwellings - Census,Other tenure type (no.),10,15,,,,,3,,,
TENURE_11,Tenure type - Occupied private dwellings - Census,Tenure type not stated (no.),,9,,,,,3,,,
TENURE_2,Tenure type - Occupied private dwellings - Census,Owned outright (%),40.8,35.6,,,,,41.6,,,
TENURE_3,Tenure type - Occupied private dwellings - Census,Owned with a mortgage (%),20.8,24.2,,,,,15.5,,,
TENURE_4,Tenure type - Occupied private dwellings - Census,Rented (%),33.8,28.8,,,,,37.3,,,
TENURE_5,Tenure type - Occupied private dwellings - Census,Other tenure type (%),7.7,11.4,,,,,1.9,,,
TENURE_6,Tenure type - Occupied private dwellings - Census,Tenure type not stated (%),,6.8,,,,,1.9,,,
STRESS_10,Mortgage and rent affordability indicators - Occupied private dwellings - Census,Households where mortgage repayments are less than or equal to 30% of imputed household income (no.),,,,,,,21,,,
STRESS_12,Mortgage and rent affordability indicators - Occupied private dwellings - Census,Households where rent payments are less than or equal to 30% of imputed household income (no.),,,,,,,36,,,
STRESS_13,Mortgage and rent affordability indicators - Occupied private dwellings - Census,Households where rent payments are more than 30% of imputed household income (no.),,,,,,,8,,,
STRESS_14,Mortgage and rent affordability indicators - Occupied private dwellings - Census,Households where mortgage repayments are less than or equal to 30% of imputed household income (%),,,,,,,84.0,,,
STRESS_16,Mortgage and rent affordability indicators - Occupied private dwellings - Census,Households where rent payments are less than or equal to 30% of imputed household income (%),,,,,,,60.0,,,
STRESS_17,Mortgage and rent affordability indicators - Occupied private dwellings - Census,Households where rent payments are more than 30% of imputed household income (%),,,,,,,13.3,,,
COMMUTE_2,Commuting to work - Persons aged 15 years and older - Census,Average commuting distance from place of usual residence (kms),,1.1,,,,,,,,
COMMUTE_4,Commuting to work - Persons aged 15 years and older - Census,Average commuting distance to place of work (kms),,1.1,,,,,,,,
VEHIC_2,Number of motor vehicles per household - Occupied private dwellings - Census,No motor vehicles (no.),24,23,,,,,33,,,
VEHIC_3,Number of motor vehicles per household - Occupied private dwellings - Census,One motor vehicle (no.),82,81,,,,,83,,,
VEHIC_4,Number of motor vehicles per household - Occupied private dwellings - Census,Two motor vehicles (no.),24,18,,,,,29,,,
VEHIC_5,Number of motor vehicles per household - Occupied private dwellings - Census,Three motor vehicles (no.),,,,,,,3,,,
TOTMIG_3,Number of persons born overseas - Census,Males born overseas (no.),,33,,,,,35,,,
TOTMIG_2,Number of persons born overseas - Census,Females born overseas (no.),,28,,,,,44,,,
TOTMIG_4,Number of persons born overseas - Census,Persons born overseas (no.),,57,,,,,77,,,
AGEMIG_6,Age of persons born overseas - Census,20-24 years (no.),,3,,,,,,,,
AGEMIG_7,Age of persons born overseas - Census,25-29 years (no.),,3,,,,,6,,,
AGEMIG_8,Age of persons born overseas - Census,30-34 years (no.),,7,,,,,15,,,
AGEMIG_9,Age of persons born overseas - Census,35-39 years (no.),,9,,,,,6,,,
AGEMIG_10,Age of persons born overseas - Census,40-44 years (no.),,3,,,,,11,,,
AGEMIG_11,Age of persons born overseas - Census,45-49 years (no.),,3,,,,,6,,,
AGEMIG_12,Age of persons born overseas - Census,50-54 years (no.),,11,,,,,,,,
AGEMIG_13,Age of persons born overseas - Census,55-59 years (no.),,,,,,,6,,,
AGEMIG_14,Age of persons born overseas - Census,60-64 years (no.),,4,,,,,9,,,
AGEMIG_15,Age of persons born overseas - Census,65-69 years (no.),,4,,,,,5,,,
AGEMIG_16,Age of persons born overseas - Census,70-74 years (no.),,,,,,,6,,,
AGEMIG_17,Age of persons born overseas - Census,75-79 years (no.),,7,,,,,,,,
AGEMIG_18,Age of persons born overseas - Census,80-84 years (no.),,,,,,,3,,,
AGEMIG_19,Age of persons born overseas - Census,85 years and over (no.),,,,,,,6,,,
ARRMIG_2,Year of arrival of persons born overseas - Census,Arrived within 5 years (%),,14,,,,,13,,,
ARRMIG_3,Year of arrival of persons born overseas - Census,Arrived 5-10 years ago (%),,17.5,,,,,24.7,,,
ARRMIG_4,Year of arrival of persons born overseas - Census,Arrived over 10 years ago (%),,77.2,,,,,49.4,,,
ARRMIG_5,Year of arrival of persons born overseas - Census,Arrival not stated (%),,5.3,,,,,9.1,,,
CITMIG_2,Citizenship status of persons born overseas - Census,Australian citizen (%),,61.4,,,,,50.6,,,
CITMIG_3,Citizenship status of persons born overseas - Census,Not an Australian citizen (%),,45.6,,,,,45.5,,,
RELMIG_3,Religious affiliation of persons born overseas - Census,Christianity (%),,50.9,,,,,28.6,,,
RELMIG_11,Religious affiliation of persons born overseas - Census,"Secular beliefs, other spiritual beliefs, no religion (%)",,38.6,,,,,53.2,,,
RELMIG_9,Religious affiliation of persons born overseas - Census,Religious affiliation inadequately described or not stated (%),,8.8,,,,,5.2,,,
ENGMIG_2,English proficiency of persons born overseas - Census,Proficient in English (%),,93,,,,,92.2,,,
QUALMIG_2,Level of highest educational attainment of persons born overseas - Census,Postgraduate degree level (%),,5.8,,,,,7.2,,,
QUALMIG_4,Level of highest educational attainment of persons born overseas - Census,Bachelor degree level (%),,9.6,,,,,23.2,,,
QUALMIG_5,Level of highest educational attainment of persons born overseas - Census,Advanced diploma and diploma level (%),,19.2,,,,,13,,,
QUALMIG_6,Level of highest educational attainment of persons born overseas - Census,Certificate level (%),,13.5,,,,,24.6,,,
QUALMIG_7,Level of highest educational attainment of persons born overseas - Census,School education level (%),,30.8,,,,,30.4,,,
QUALMIG_8,Level of highest educational attainment of persons born overseas - Census,Education not stated (%),,5.8,,,,,4.3,,,
OCCMIG_2,Occupation of persons born overseas - Persons aged 15 years and over - Census,Managers (%),,15.9,,,,,14,,,
OCCMIG_3,Occupation of persons born overseas - Persons aged 15 years and over - Census,Professionals (%),,6.8,,,,,6,,,
OCCMIG_4,Occupation of persons born overseas - Persons aged 15 years and over - Census,Technicians and trades workers (%),,18.2,,,,,22,,,
OCCMIG_5,Occupation of persons born overseas - Persons aged 15 years and over - Census,Community and personal service workers (%),,15.9,,,,,14,,,
OCCMIG_6,Occupation of persons born overseas - Persons aged 15 years and over - Census,Clerical and administrative workers (%),,6.8,,,,,24,,,
OCCMIG_7,Occupation of persons born overseas - Persons aged 15 years and over - Census,Sales workers (%),,6.8,,,,,16,,,
OCCMIG_8,Occupation of persons born overseas - Persons aged 15 years and over - Census,Machinery operators and drivers (%),,,,,,,6,,,
OCCMIG_9,Occupation of persons born overseas - Persons aged 15 years and over - Census,Labourers (%),,18.2,,,,,12,,,
OCCMIG_11,Occupation of persons born overseas - Persons aged 15 years and over - Census,Overseas born population employed (no.),,44,,,,,50,,,
LFMIG_6,Labour force status of persons born overseas - Persons aged 15 years and over - Census,Employed (no.),,44,,,,,50,,,
LFMIG_2,Labour force status of persons born overseas - Persons aged 15 years and over - Census,In the labour force (no.),,44,,,,,54,,,
LFMIG_4,Labour force status of persons born overseas - Persons aged 15 years and over - Census,Participation rate (%),,84.6,,,,,78.3,,,
LFMIG_11,Labour force status of persons born overseas - Persons aged 15 years and over - Census,Not in the labour force (%),,17.3,,,,,15.9,,,
LFMIG_12,Labour force status of persons born overseas - Persons aged 15 years and over - Census,Labour force status not stated (%),,5.8,,,,,,,,
LFMIG_7,Labour force status of persons born overseas - Persons aged 15 years and over - Census,Overseas born population aged 15 years and over (no.),,52,,,,,69,,,
INCMIG_2,Total personal income (weekly) of persons born overseas - Persons aged 15 years and over - Census,$1-$499 per week (%),,21.2,,,,,18.8,,,
INCMIG_3,Total personal income (weekly) of persons born overseas - Persons aged 15 years and over - Census,$500-$999 per week (%),,21.2,,,,,34.8,,,
INCMIG_4,Total personal income (weekly) of persons born overseas - Persons aged 15 years and over - Census,$1000-$1999 per week (%),,36.5,,,,,52.2,,,
INCMIG_5,Total personal income (weekly) of persons born overseas - Persons aged 15 years and over - Census,$2000-$2999 per week (%),,7.7,,,,,4.3,,,
LAND,Land area,Land area (ha),,,,,,,1629.2,,,
PROTECTED_AREA_3,Protected land areas - year ended 30 June,National parks (no.),,1,,1,,1,,1,,
PROTECTED_AREA_6,Protected land areas - year ended 30 June,Total protected land areas (no.),,1,,1,,1,,1,,
PROTECTED_AREA_8,Protected land areas - year ended 30 June,National parks (ha),,1277,,1277,,1277,,1277,,
PROTECTED_AREA_11,Protected land areas - year ended 30 June,Total protected land area (ha),,1277,,1277,,1277,,1277,,
PROTECTED_AREA_13,Protected land areas - year ended 30 June,National parks (%),,78.4,,78.4,,78.4,,78.4,,
PROTECTED_AREA_16,Protected land areas - year ended 30 June,Total protected land area (%),,78.4,,78.4,,78.4,,78.4,,
SOLAR_8,Solar installations - year ended 31 December,Solar water heater installations (no.),,,,,,3,,,,
